"Reference.Area","year","variable","value"
"Aberdeen City","2001","household-size",2.13
"Aberdeenshire","2001","household-size",2.47
"Angus","2001","household-size",2.27
"Argyll and Bute","2001","household-size",2.24
"City of Edinburgh","2001","household-size",2.14
"Clackmannanshire","2001","household-size",2.29
"Dumfries and Galloway","2001","household-size",2.28
"Dundee City","2001","household-size",2.13
"East Ayrshire","2001","household-size",2.35
"East Dunbartonshire","2001","household-size",2.53
"East Lothian","2001","household-size",2.33
"East Renfrewshire","2001","household-size",2.53
"Eilean Siar","2001","household-size",2.32
"Falkirk","2001","household-size",2.29
"Fife","2001","household-size",2.28
"Glasgow City","2001","household-size",2.08
"Highland","2001","household-size",2.29
"Inverclyde","2001","household-size",2.26
"Midlothian","2001","household-size",2.43
"Moray","2001","household-size",2.37
"North Ayrshire","2001","household-size",2.29
"North Lanarkshire","2001","household-size",2.4
"Orkney Islands","2001","household-size",2.28
"Perth and Kinross","2001","household-size",2.24
"Renfrewshire","2001","household-size",2.26
"Scottish Borders","2001","household-size",2.22
"Shetland Islands","2001","household-size",2.38
"South Ayrshire","2001","household-size",2.26
"South Lanarkshire","2001","household-size",2.36
"Stirling","2001","household-size",2.36
"West Dunbartonshire","2001","household-size",2.27
"West Lothian","2001","household-size",2.43
"Aberdeen City","2002","household-size",2.1
"Aberdeenshire","2002","household-size",2.45
"Angus","2002","household-size",2.26
"Argyll and Bute","2002","household-size",2.23
"City of Edinburgh","2002","household-size",2.11
"Clackmannanshire","2002","household-size",2.28
"Dumfries and Galloway","2002","household-size",2.27
"Dundee City","2002","household-size",2.1
"East Ayrshire","2002","household-size",2.34
"East Dunbartonshire","2002","household-size",2.51
"East Lothian","2002","household-size",2.33
"East Renfrewshire","2002","household-size",2.53
"Eilean Siar","2002","household-size",2.31
"Falkirk","2002","household-size",2.27
"Fife","2002","household-size",2.27
"Glasgow City","2002","household-size",2.07
"Highland","2002","household-size",2.28
"Inverclyde","2002","household-size",2.25
"Midlothian","2002","household-size",2.43
"Moray","2002","household-size",2.36
"North Ayrshire","2002","household-size",2.27
"North Lanarkshire","2002","household-size",2.37
"Orkney Islands","2002","household-size",2.26
"Perth and Kinross","2002","household-size",2.22
"Renfrewshire","2002","household-size",2.23
"Scottish Borders","2002","household-size",2.21
"Shetland Islands","2002","household-size",2.37
"South Ayrshire","2002","household-size",2.24
"South Lanarkshire","2002","household-size",2.34
"Stirling","2002","household-size",2.34
"West Dunbartonshire","2002","household-size",2.27
"West Lothian","2002","household-size",2.41
"Aberdeen City","2003","household-size",2.08
"Aberdeenshire","2003","household-size",2.44
"Angus","2003","household-size",2.24
"Argyll and Bute","2003","household-size",2.2
"City of Edinburgh","2003","household-size",2.09
"Clackmannanshire","2003","household-size",2.25
"Dumfries and Galloway","2003","household-size",2.25
"Dundee City","2003","household-size",2.09
"East Ayrshire","2003","household-size",2.32
"East Dunbartonshire","2003","household-size",2.5
"East Lothian","2003","household-size",2.32
"East Renfrewshire","2003","household-size",2.51
"Eilean Siar","2003","household-size",2.29
"Falkirk","2003","household-size",2.25
"Fife","2003","household-size",2.26
"Glasgow City","2003","household-size",2.04
"Highland","2003","household-size",2.27
"Inverclyde","2003","household-size",2.24
"Midlothian","2003","household-size",2.4
"Moray","2003","household-size",2.37
"North Ayrshire","2003","household-size",2.26
"North Lanarkshire","2003","household-size",2.35
"Orkney Islands","2003","household-size",2.25
"Perth and Kinross","2003","household-size",2.2
"Renfrewshire","2003","household-size",2.2
"Scottish Borders","2003","household-size",2.2
"Shetland Islands","2003","household-size",2.35
"South Ayrshire","2003","household-size",2.22
"South Lanarkshire","2003","household-size",2.33
"Stirling","2003","household-size",2.32
"West Dunbartonshire","2003","household-size",2.25
"West Lothian","2003","household-size",2.39
"Aberdeen City","2004","household-size",2.05
"Aberdeenshire","2004","household-size",2.42
"Angus","2004","household-size",2.24
"Argyll and Bute","2004","household-size",2.19
"City of Edinburgh","2004","household-size",2.07
"Clackmannanshire","2004","household-size",2.25
"Dumfries and Galloway","2004","household-size",2.24
"Dundee City","2004","household-size",2.07
"East Ayrshire","2004","household-size",2.31
"East Dunbartonshire","2004","household-size",2.48
"East Lothian","2004","household-size",2.31
"East Renfrewshire","2004","household-size",2.49
"Eilean Siar","2004","household-size",2.29
"Falkirk","2004","household-size",2.24
"Fife","2004","household-size",2.25
"Glasgow City","2004","household-size",2.01
"Highland","2004","household-size",2.27
"Inverclyde","2004","household-size",2.21
"Midlothian","2004","household-size",2.4
"Moray","2004","household-size",2.35
"North Ayrshire","2004","household-size",2.25
"North Lanarkshire","2004","household-size",2.34
"Orkney Islands","2004","household-size",2.24
"Perth and Kinross","2004","household-size",2.18
"Renfrewshire","2004","household-size",2.2
"Scottish Borders","2004","household-size",2.2
"Shetland Islands","2004","household-size",2.35
"South Ayrshire","2004","household-size",2.21
"South Lanarkshire","2004","household-size",2.33
"Stirling","2004","household-size",2.3
"West Dunbartonshire","2004","household-size",2.24
"West Lothian","2004","household-size",2.38
"Aberdeen City","2005","household-size",2.04
"Aberdeenshire","2005","household-size",2.41
"Angus","2005","household-size",2.24
"Argyll and Bute","2005","household-size",2.16
"City of Edinburgh","2005","household-size",2.06
"Clackmannanshire","2005","household-size",2.24
"Dumfries and Galloway","2005","household-size",2.23
"Dundee City","2005","household-size",2.08
"East Ayrshire","2005","household-size",2.31
"East Dunbartonshire","2005","household-size",2.46
"East Lothian","2005","household-size",2.3
"East Renfrewshire","2005","household-size",2.48
"Eilean Siar","2005","household-size",2.29
"Falkirk","2005","household-size",2.25
"Fife","2005","household-size",2.24
"Glasgow City","2005","household-size",1.99
"Highland","2005","household-size",2.26
"Inverclyde","2005","household-size",2.2
"Midlothian","2005","household-size",2.38
"Moray","2005","household-size",2.33
"North Ayrshire","2005","household-size",2.24
"North Lanarkshire","2005","household-size",2.32
"Orkney Islands","2005","household-size",2.22
"Perth and Kinross","2005","household-size",2.17
"Renfrewshire","2005","household-size",2.18
"Scottish Borders","2005","household-size",2.19
"Shetland Islands","2005","household-size",2.34
"South Ayrshire","2005","household-size",2.2
"South Lanarkshire","2005","household-size",2.31
"Stirling","2005","household-size",2.3
"West Dunbartonshire","2005","household-size",2.21
"West Lothian","2005","household-size",2.36
"Aberdeen City","2006","household-size",2.02
"Aberdeenshire","2006","household-size",2.41
"Angus","2006","household-size",2.23
"Argyll and Bute","2006","household-size",2.17
"City of Edinburgh","2006","household-size",2.05
"Clackmannanshire","2006","household-size",2.22
"Dumfries and Galloway","2006","household-size",2.22
"Dundee City","2006","household-size",2.08
"East Ayrshire","2006","household-size",2.29
"East Dunbartonshire","2006","household-size",2.44
"East Lothian","2006","household-size",2.29
"East Renfrewshire","2006","household-size",2.47
"Eilean Siar","2006","household-size",2.27
"Falkirk","2006","household-size",2.24
"Fife","2006","household-size",2.24
"Glasgow City","2006","household-size",1.98
"Highland","2006","household-size",2.26
"Inverclyde","2006","household-size",2.18
"Midlothian","2006","household-size",2.37
"Moray","2006","household-size",2.31
"North Ayrshire","2006","household-size",2.22
"North Lanarkshire","2006","household-size",2.31
"Orkney Islands","2006","household-size",2.22
"Perth and Kinross","2006","household-size",2.16
"Renfrewshire","2006","household-size",2.16
"Scottish Borders","2006","household-size",2.18
"Shetland Islands","2006","household-size",2.32
"South Ayrshire","2006","household-size",2.2
"South Lanarkshire","2006","household-size",2.29
"Stirling","2006","household-size",2.3
"West Dunbartonshire","2006","household-size",2.19
"West Lothian","2006","household-size",2.36
"Aberdeen City","2007","household-size",2.01
"Aberdeenshire","2007","household-size",2.41
"Angus","2007","household-size",2.23
"Argyll and Bute","2007","household-size",2.17
"City of Edinburgh","2007","household-size",2.04
"Clackmannanshire","2007","household-size",2.23
"Dumfries and Galloway","2007","household-size",2.22
"Dundee City","2007","household-size",2.05
"East Ayrshire","2007","household-size",2.28
"East Dunbartonshire","2007","household-size",2.43
"East Lothian","2007","household-size",2.29
"East Renfrewshire","2007","household-size",2.46
"Eilean Siar","2007","household-size",2.25
"Falkirk","2007","household-size",2.24
"Fife","2007","household-size",2.23
"Glasgow City","2007","household-size",1.98
"Highland","2007","household-size",2.25
"Inverclyde","2007","household-size",2.18
"Midlothian","2007","household-size",2.37
"Moray","2007","household-size",2.3
"North Ayrshire","2007","household-size",2.22
"North Lanarkshire","2007","household-size",2.3
"Orkney Islands","2007","household-size",2.21
"Perth and Kinross","2007","household-size",2.17
"Renfrewshire","2007","household-size",2.15
"Scottish Borders","2007","household-size",2.18
"Shetland Islands","2007","household-size",2.32
"South Ayrshire","2007","household-size",2.19
"South Lanarkshire","2007","household-size",2.27
"Stirling","2007","household-size",2.3
"West Dunbartonshire","2007","household-size",2.18
"West Lothian","2007","household-size",2.35
"Aberdeen City","2008","household-size",2.01
"Aberdeenshire","2008","household-size",2.4
"Angus","2008","household-size",2.23
"Argyll and Bute","2008","household-size",2.15
"City of Edinburgh","2008","household-size",2.03
"Clackmannanshire","2008","household-size",2.23
"Dumfries and Galloway","2008","household-size",2.21
"Dundee City","2008","household-size",2.04
"East Ayrshire","2008","household-size",2.26
"East Dunbartonshire","2008","household-size",2.42
"East Lothian","2008","household-size",2.29
"East Renfrewshire","2008","household-size",2.45
"Eilean Siar","2008","household-size",2.23
"Falkirk","2008","household-size",2.24
"Fife","2008","household-size",2.22
"Glasgow City","2008","household-size",1.98
"Highland","2008","household-size",2.24
"Inverclyde","2008","household-size",2.17
"Midlothian","2008","household-size",2.38
"Moray","2008","household-size",2.31
"North Ayrshire","2008","household-size",2.21
"North Lanarkshire","2008","household-size",2.3
"Orkney Islands","2008","household-size",2.2
"Perth and Kinross","2008","household-size",2.16
"Renfrewshire","2008","household-size",2.13
"Scottish Borders","2008","household-size",2.18
"Shetland Islands","2008","household-size",2.31
"South Ayrshire","2008","household-size",2.18
"South Lanarkshire","2008","household-size",2.26
"Stirling","2008","household-size",2.28
"West Dunbartonshire","2008","household-size",2.16
"West Lothian","2008","household-size",2.35
"Aberdeen City","2009","household-size",2.03
"Aberdeenshire","2009","household-size",2.4
"Angus","2009","household-size",2.21
"Argyll and Bute","2009","household-size",2.15
"City of Edinburgh","2009","household-size",2.04
"Clackmannanshire","2009","household-size",2.21
"Dumfries and Galloway","2009","household-size",2.2
"Dundee City","2009","household-size",2.03
"East Ayrshire","2009","household-size",2.25
"East Dunbartonshire","2009","household-size",2.41
"East Lothian","2009","household-size",2.29
"East Renfrewshire","2009","household-size",2.44
"Eilean Siar","2009","household-size",2.22
"Falkirk","2009","household-size",2.24
"Fife","2009","household-size",2.21
"Glasgow City","2009","household-size",2
"Highland","2009","household-size",2.24
"Inverclyde","2009","household-size",2.16
"Midlothian","2009","household-size",2.36
"Moray","2009","household-size",2.31
"North Ayrshire","2009","household-size",2.19
"North Lanarkshire","2009","household-size",2.3
"Orkney Islands","2009","household-size",2.18
"Perth and Kinross","2009","household-size",2.17
"Renfrewshire","2009","household-size",2.13
"Scottish Borders","2009","household-size",2.17
"Shetland Islands","2009","household-size",2.31
"South Ayrshire","2009","household-size",2.18
"South Lanarkshire","2009","household-size",2.25
"Stirling","2009","household-size",2.27
"West Dunbartonshire","2009","household-size",2.16
"West Lothian","2009","household-size",2.36
"Aberdeen City","2010","household-size",2.05
"Aberdeenshire","2010","household-size",2.39
"Angus","2010","household-size",2.21
"Argyll and Bute","2010","household-size",2.13
"City of Edinburgh","2010","household-size",2.05
"Clackmannanshire","2010","household-size",2.21
"Dumfries and Galloway","2010","household-size",2.2
"Dundee City","2010","household-size",2.04
"East Ayrshire","2010","household-size",2.25
"East Dunbartonshire","2010","household-size",2.41
"East Lothian","2010","household-size",2.28
"East Renfrewshire","2010","household-size",2.43
"Eilean Siar","2010","household-size",2.2
"Falkirk","2010","household-size",2.24
"Fife","2010","household-size",2.21
"Glasgow City","2010","household-size",2.01
"Highland","2010","household-size",2.24
"Inverclyde","2010","household-size",2.15
"Midlothian","2010","household-size",2.34
"Moray","2010","household-size",2.3
"North Ayrshire","2010","household-size",2.19
"North Lanarkshire","2010","household-size",2.3
"Orkney Islands","2010","household-size",2.18
"Perth and Kinross","2010","household-size",2.18
"Renfrewshire","2010","household-size",2.13
"Scottish Borders","2010","household-size",2.15
"Shetland Islands","2010","household-size",2.31
"South Ayrshire","2010","household-size",2.17
"South Lanarkshire","2010","household-size",2.24
"Stirling","2010","household-size",2.28
"West Dunbartonshire","2010","household-size",2.14
"West Lothian","2010","household-size",2.35
"Aberdeen City","2011","household-size",2.07
"Aberdeenshire","2011","household-size",2.39
"Angus","2011","household-size",2.22
"Argyll and Bute","2011","household-size",2.14
"City of Edinburgh","2011","household-size",2.07
"Clackmannanshire","2011","household-size",2.22
"Dumfries and Galloway","2011","household-size",2.2
"Dundee City","2011","household-size",2.05
"East Ayrshire","2011","household-size",2.25
"East Dunbartonshire","2011","household-size",2.4
"East Lothian","2011","household-size",2.28
"East Renfrewshire","2011","household-size",2.42
"Eilean Siar","2011","household-size",2.17
"Falkirk","2011","household-size",2.24
"Fife","2011","household-size",2.22
"Glasgow City","2011","household-size",2.02
"Highland","2011","household-size",2.24
"Inverclyde","2011","household-size",2.14
"Midlothian","2011","household-size",2.35
"Moray","2011","household-size",2.28
"North Ayrshire","2011","household-size",2.19
"North Lanarkshire","2011","household-size",2.29
"Orkney Islands","2011","household-size",2.17
"Perth and Kinross","2011","household-size",2.19
"Renfrewshire","2011","household-size",2.13
"Scottish Borders","2011","household-size",2.15
"Shetland Islands","2011","household-size",2.31
"South Ayrshire","2011","household-size",2.17
"South Lanarkshire","2011","household-size",2.23
"Stirling","2011","household-size",2.28
"West Dunbartonshire","2011","household-size",2.14
"West Lothian","2011","household-size",2.36
"Aberdeen City","2012","household-size",2.08
"Aberdeenshire","2012","household-size",2.39
"Angus","2012","household-size",2.2
"Argyll and Bute","2012","household-size",2.09
"City of Edinburgh","2012","household-size",2.08
"Clackmannanshire","2012","household-size",2.2
"Dumfries and Galloway","2012","household-size",2.18
"Dundee City","2012","household-size",2.06
"East Ayrshire","2012","household-size",2.24
"East Dunbartonshire","2012","household-size",2.4
"East Lothian","2012","household-size",2.28
"East Renfrewshire","2012","household-size",2.41
"Eilean Siar","2012","household-size",2.13
"Falkirk","2012","household-size",2.24
"Fife","2012","household-size",2.21
"Glasgow City","2012","household-size",2.03
"Highland","2012","household-size",2.22
"Inverclyde","2012","household-size",2.13
"Midlothian","2012","household-size",2.34
"Moray","2012","household-size",2.24
"North Ayrshire","2012","household-size",2.18
"North Lanarkshire","2012","household-size",2.28
"Orkney Islands","2012","household-size",2.16
"Perth and Kinross","2012","household-size",2.2
"Renfrewshire","2012","household-size",2.13
"Scottish Borders","2012","household-size",2.13
"Shetland Islands","2012","household-size",2.28
"South Ayrshire","2012","household-size",2.16
"South Lanarkshire","2012","household-size",2.22
"Stirling","2012","household-size",2.29
"West Dunbartonshire","2012","household-size",2.13
"West Lothian","2012","household-size",2.36
"Aberdeen City","2013","household-size",2.08
"Aberdeenshire","2013","household-size",2.38
"Angus","2013","household-size",2.19
"Argyll and Bute","2013","household-size",2.09
"City of Edinburgh","2013","household-size",2.08
"Clackmannanshire","2013","household-size",2.19
"Dumfries and Galloway","2013","household-size",2.16
"Dundee City","2013","household-size",2.06
"East Ayrshire","2013","household-size",2.22
"East Dunbartonshire","2013","household-size",2.39
"East Lothian","2013","household-size",2.28
"East Renfrewshire","2013","household-size",2.41
"Eilean Siar","2013","household-size",2.09
"Falkirk","2013","household-size",2.24
"Fife","2013","household-size",2.21
"Glasgow City","2013","household-size",2.03
"Highland","2013","household-size",2.19
"Inverclyde","2013","household-size",2.12
"Midlothian","2013","household-size",2.33
"Moray","2013","household-size",2.26
"North Ayrshire","2013","household-size",2.16
"North Lanarkshire","2013","household-size",2.27
"Orkney Islands","2013","household-size",2.15
"Perth and Kinross","2013","household-size",2.18
"Renfrewshire","2013","household-size",2.1
"Scottish Borders","2013","household-size",2.13
"Shetland Islands","2013","household-size",2.27
"South Ayrshire","2013","household-size",2.16
"South Lanarkshire","2013","household-size",2.21
"Stirling","2013","household-size",2.28
"West Dunbartonshire","2013","household-size",2.12
"West Lothian","2013","household-size",2.35
"Aberdeen City","2014","household-size",2.09
"Aberdeenshire","2014","household-size",2.38
"Angus","2014","household-size",2.19
"Argyll and Bute","2014","household-size",2.09
"City of Edinburgh","2014","household-size",2.08
"Clackmannanshire","2014","household-size",2.16
"Dumfries and Galloway","2014","household-size",2.15
"Dundee City","2014","household-size",2.05
"East Ayrshire","2014","household-size",2.22
"East Dunbartonshire","2014","household-size",2.38
"East Lothian","2014","household-size",2.28
"East Renfrewshire","2014","household-size",2.41
"Eilean Siar","2014","household-size",2.08
"Falkirk","2014","household-size",2.24
"Fife","2014","household-size",2.19
"Glasgow City","2014","household-size",2.03
"Highland","2014","household-size",2.17
"Inverclyde","2014","household-size",2.1
"Midlothian","2014","household-size",2.33
"Moray","2014","household-size",2.24
"North Ayrshire","2014","household-size",2.15
"North Lanarkshire","2014","household-size",2.26
"Orkney Islands","2014","household-size",2.13
"Perth and Kinross","2014","household-size",2.19
"Renfrewshire","2014","household-size",2.09
"Scottish Borders","2014","household-size",2.12
"Shetland Islands","2014","household-size",2.27
"South Ayrshire","2014","household-size",2.14
"South Lanarkshire","2014","household-size",2.19
"Stirling","2014","household-size",2.27
"West Dunbartonshire","2014","household-size",2.1
"West Lothian","2014","household-size",2.34
"Aberdeen City","2015","household-size",2.1
"Aberdeenshire","2015","household-size",2.37
"Angus","2015","household-size",2.17
"Argyll and Bute","2015","household-size",2.06
"City of Edinburgh","2015","household-size",2.1
"Clackmannanshire","2015","household-size",2.16
"Dumfries and Galloway","2015","household-size",2.14
"Dundee City","2015","household-size",2.06
"East Ayrshire","2015","household-size",2.21
"East Dunbartonshire","2015","household-size",2.36
"East Lothian","2015","household-size",2.28
"East Renfrewshire","2015","household-size",2.41
"Eilean Siar","2015","household-size",2.06
"Falkirk","2015","household-size",2.22
"Fife","2015","household-size",2.19
"Glasgow City","2015","household-size",2.03
"Highland","2015","household-size",2.16
"Inverclyde","2015","household-size",2.09
"Midlothian","2015","household-size",2.33
"Moray","2015","household-size",2.24
"North Ayrshire","2015","household-size",2.13
"North Lanarkshire","2015","household-size",2.25
"Orkney Islands","2015","household-size",2.12
"Perth and Kinross","2015","household-size",2.18
"Renfrewshire","2015","household-size",2.07
"Scottish Borders","2015","household-size",2.11
"Shetland Islands","2015","household-size",2.25
"South Ayrshire","2015","household-size",2.14
"South Lanarkshire","2015","household-size",2.18
"Stirling","2015","household-size",2.28
"West Dunbartonshire","2015","household-size",2.09
"West Lothian","2015","household-size",2.33
"Aberdeen City","2016","household-size",2.07
"Aberdeenshire","2016","household-size",2.35
"Angus","2016","household-size",2.16
"Argyll and Bute","2016","household-size",2.06
"City of Edinburgh","2016","household-size",2.11
"Clackmannanshire","2016","household-size",2.15
"Dumfries and Galloway","2016","household-size",2.13
"Dundee City","2016","household-size",2.05
"East Ayrshire","2016","household-size",2.21
"East Dunbartonshire","2016","household-size",2.36
"East Lothian","2016","household-size",2.28
"East Renfrewshire","2016","household-size",2.42
"Eilean Siar","2016","household-size",2.05
"Falkirk","2016","household-size",2.22
"Fife","2016","household-size",2.19
"Glasgow City","2016","household-size",2.04
"Highland","2016","household-size",2.15
"Inverclyde","2016","household-size",2.07
"Midlothian","2016","household-size",2.32
"Moray","2016","household-size",2.24
"North Ayrshire","2016","household-size",2.12
"North Lanarkshire","2016","household-size",2.24
"Orkney Islands","2016","household-size",2.11
"Perth and Kinross","2016","household-size",2.18
"Renfrewshire","2016","household-size",2.07
"Scottish Borders","2016","household-size",2.11
"Shetland Islands","2016","household-size",2.24
"South Ayrshire","2016","household-size",2.14
"South Lanarkshire","2016","household-size",2.18
"Stirling","2016","household-size",2.29
"West Dunbartonshire","2016","household-size",2.09
"West Lothian","2016","household-size",2.33
"Aberdeen City","2008","businesses-count",9330
"Aberdeenshire","2008","businesses-count",13115
"Angus","2008","businesses-count",4125
"Argyll and Bute","2008","businesses-count",4640
"City of Edinburgh","2008","businesses-count",19035
"Clackmannanshire","2008","businesses-count",1285
"Dundee City","2008","businesses-count",3985
"East Ayrshire","2008","businesses-count",3465
"East Dunbartonshire","2008","businesses-count",2840
"East Lothian","2008","businesses-count",2935
"East Renfrewshire","2008","businesses-count",2345
"Eilean Siar","2008","businesses-count",1270
"Falkirk","2008","businesses-count",3995
"Glasgow City","2008","businesses-count",19770
"Inverclyde","2008","businesses-count",1925
"Midlothian","2008","businesses-count",2340
"Moray","2008","businesses-count",3605
"North Ayrshire","2008","businesses-count",3610
"North Lanarkshire","2008","businesses-count",7690
"Orkney Islands","2008","businesses-count",1625
"Perth and Kinross","2008","businesses-count",6800
"Renfrewshire","2008","businesses-count",5030
"Scottish Borders","2008","businesses-count",5725
"Shetland Islands","2008","businesses-count",1460
"South Ayrshire","2008","businesses-count",4110
"South Lanarkshire","2008","businesses-count",9190
"Stirling","2008","businesses-count",4250
"West Dunbartonshire","2008","businesses-count",1990
"West Lothian","2008","businesses-count",4890
"Aberdeen City","2009","businesses-count",9485
"Aberdeenshire","2009","businesses-count",13320
"Angus","2009","businesses-count",4125
"Argyll and Bute","2009","businesses-count",4610
"City of Edinburgh","2009","businesses-count",18790
"Clackmannanshire","2009","businesses-count",1285
"Dundee City","2009","businesses-count",3975
"East Ayrshire","2009","businesses-count",3420
"East Dunbartonshire","2009","businesses-count",2885
"East Lothian","2009","businesses-count",2995
"East Renfrewshire","2009","businesses-count",2360
"Eilean Siar","2009","businesses-count",1285
"Falkirk","2009","businesses-count",4005
"Glasgow City","2009","businesses-count",19875
"Inverclyde","2009","businesses-count",1895
"Midlothian","2009","businesses-count",2320
"Moray","2009","businesses-count",3615
"North Ayrshire","2009","businesses-count",3620
"North Lanarkshire","2009","businesses-count",7670
"Orkney Islands","2009","businesses-count",1590
"Perth and Kinross","2009","businesses-count",6760
"Renfrewshire","2009","businesses-count",5050
"Scottish Borders","2009","businesses-count",5725
"Shetland Islands","2009","businesses-count",1425
"South Ayrshire","2009","businesses-count",4095
"South Lanarkshire","2009","businesses-count",9200
"Stirling","2009","businesses-count",4260
"West Dunbartonshire","2009","businesses-count",1990
"West Lothian","2009","businesses-count",4865
"Aberdeen City","2010","businesses-count",9555
"Aberdeenshire","2010","businesses-count",13570
"Angus","2010","businesses-count",4160
"Argyll and Bute","2010","businesses-count",4515
"City of Edinburgh","2010","businesses-count",18880
"Clackmannanshire","2010","businesses-count",1270
"Dundee City","2010","businesses-count",3960
"East Ayrshire","2010","businesses-count",3365
"East Dunbartonshire","2010","businesses-count",2915
"East Lothian","2010","businesses-count",3020
"East Renfrewshire","2010","businesses-count",2430
"Eilean Siar","2010","businesses-count",1260
"Falkirk","2010","businesses-count",4025
"Glasgow City","2010","businesses-count",19985
"Inverclyde","2010","businesses-count",1865
"Midlothian","2010","businesses-count",2320
"Moray","2010","businesses-count",3630
"North Ayrshire","2010","businesses-count",3560
"North Lanarkshire","2010","businesses-count",7640
"Orkney Islands","2010","businesses-count",1600
"Perth and Kinross","2010","businesses-count",6740
"Renfrewshire","2010","businesses-count",5070
"Scottish Borders","2010","businesses-count",5660
"Shetland Islands","2010","businesses-count",1440
"South Ayrshire","2010","businesses-count",4050
"South Lanarkshire","2010","businesses-count",9245
"Stirling","2010","businesses-count",4230
"West Dunbartonshire","2010","businesses-count",2005
"West Lothian","2010","businesses-count",4885
"Aberdeen City","2011","businesses-count",9805
"Aberdeenshire","2011","businesses-count",13800
"Angus","2011","businesses-count",4130
"Argyll and Bute","2011","businesses-count",4465
"City of Edinburgh","2011","businesses-count",18850
"Clackmannanshire","2011","businesses-count",1245
"Dundee City","2011","businesses-count",3885
"East Ayrshire","2011","businesses-count",3325
"East Dunbartonshire","2011","businesses-count",2900
"East Lothian","2011","businesses-count",3010
"East Renfrewshire","2011","businesses-count",2400
"Eilean Siar","2011","businesses-count",1210
"Falkirk","2011","businesses-count",4015
"Glasgow City","2011","businesses-count",19820
"Inverclyde","2011","businesses-count",1840
"Midlothian","2011","businesses-count",2310
"Moray","2011","businesses-count",3585
"North Ayrshire","2011","businesses-count",3460
"North Lanarkshire","2011","businesses-count",7595
"Orkney Islands","2011","businesses-count",1575
"Perth and Kinross","2011","businesses-count",6620
"Renfrewshire","2011","businesses-count",4990
"Scottish Borders","2011","businesses-count",5550
"Shetland Islands","2011","businesses-count",1455
"South Ayrshire","2011","businesses-count",4000
"South Lanarkshire","2011","businesses-count",9115
"Stirling","2011","businesses-count",4225
"West Dunbartonshire","2011","businesses-count",1990
"West Lothian","2011","businesses-count",4835
"Aberdeen City","2012","businesses-count",10340
"Aberdeenshire","2012","businesses-count",14280
"Angus","2012","businesses-count",4240
"Argyll and Bute","2012","businesses-count",4570
"City of Edinburgh","2012","businesses-count",19380
"Clackmannanshire","2012","businesses-count",1265
"Dundee City","2012","businesses-count",3990
"East Ayrshire","2012","businesses-count",3410
"East Dunbartonshire","2012","businesses-count",3015
"East Lothian","2012","businesses-count",3120
"East Renfrewshire","2012","businesses-count",2535
"Eilean Siar","2012","businesses-count",1270
"Falkirk","2012","businesses-count",4130
"Glasgow City","2012","businesses-count",20335
"Inverclyde","2012","businesses-count",1915
"Midlothian","2012","businesses-count",2355
"Moray","2012","businesses-count",3640
"North Ayrshire","2012","businesses-count",3560
"North Lanarkshire","2012","businesses-count",7895
"Orkney Islands","2012","businesses-count",1595
"Perth and Kinross","2012","businesses-count",6740
"Renfrewshire","2012","businesses-count",5080
"Scottish Borders","2012","businesses-count",5640
"Shetland Islands","2012","businesses-count",1495
"South Ayrshire","2012","businesses-count",4055
"South Lanarkshire","2012","businesses-count",9360
"Stirling","2012","businesses-count",4330
"West Dunbartonshire","2012","businesses-count",2050
"West Lothian","2012","businesses-count",4950
"Aberdeen City","2013","businesses-count",10665
"Aberdeenshire","2013","businesses-count",14560
"Angus","2013","businesses-count",4235
"Argyll and Bute","2013","businesses-count",4490
"City of Edinburgh","2013","businesses-count",19605
"Clackmannanshire","2013","businesses-count",1225
"Dundee City","2013","businesses-count",4015
"East Ayrshire","2013","businesses-count",3380
"East Dunbartonshire","2013","businesses-count",2975
"East Lothian","2013","businesses-count",3205
"East Renfrewshire","2013","businesses-count",2575
"Eilean Siar","2013","businesses-count",1270
"Falkirk","2013","businesses-count",4185
"Glasgow City","2013","businesses-count",20290
"Inverclyde","2013","businesses-count",1895
"Midlothian","2013","businesses-count",2380
"Moray","2013","businesses-count",3640
"North Ayrshire","2013","businesses-count",3520
"North Lanarkshire","2013","businesses-count",7925
"Orkney Islands","2013","businesses-count",1570
"Perth and Kinross","2013","businesses-count",6700
"Renfrewshire","2013","businesses-count",5050
"Scottish Borders","2013","businesses-count",5560
"Shetland Islands","2013","businesses-count",1525
"South Ayrshire","2013","businesses-count",4000
"South Lanarkshire","2013","businesses-count",9405
"Stirling","2013","businesses-count",4280
"West Dunbartonshire","2013","businesses-count",2045
"West Lothian","2013","businesses-count",5005
"Aberdeen City","2014","businesses-count",11300
"Aberdeenshire","2014","businesses-count",15055
"Angus","2014","businesses-count",4350
"Argyll and Bute","2014","businesses-count",4535
"City of Edinburgh","2014","businesses-count",20535
"Clackmannanshire","2014","businesses-count",1290
"Dumfries and Galloway","2014","businesses-count",7405
"Dundee City","2014","businesses-count",4160
"East Ayrshire","2014","businesses-count",3465
"East Dunbartonshire","2014","businesses-count",3135
"East Lothian","2014","businesses-count",3290
"East Renfrewshire","2014","businesses-count",2705
"Eilean Siar","2014","businesses-count",1305
"Falkirk","2014","businesses-count",4355
"Fife","2014","businesses-count",10560
"Glasgow City","2014","businesses-count",21125
"Highland","2014","businesses-count",10000
"Inverclyde","2014","businesses-count",1950
"Midlothian","2014","businesses-count",2465
"Moray","2014","businesses-count",3675
"North Ayrshire","2014","businesses-count",3690
"North Lanarkshire","2014","businesses-count",8345
"Orkney Islands","2014","businesses-count",1630
"Perth and Kinross","2014","businesses-count",6875
"Renfrewshire","2014","businesses-count",5240
"Scottish Borders","2014","businesses-count",5705
"Shetland Islands","2014","businesses-count",1560
"South Ayrshire","2014","businesses-count",4075
"South Lanarkshire","2014","businesses-count",9795
"Stirling","2014","businesses-count",4400
"West Dunbartonshire","2014","businesses-count",2135
"West Lothian","2014","businesses-count",5250
"Aberdeen City","2005","electricity-consumption",1398
"Aberdeenshire","2005","electricity-consumption",1362
"Angus","2005","electricity-consumption",631
"Argyll and Bute","2005","electricity-consumption",562
"City of Edinburgh","2005","electricity-consumption",2737
"Clackmannanshire","2005","electricity-consumption",332
"Dundee City","2005","electricity-consumption",899
"East Ayrshire","2005","electricity-consumption",508
"East Dunbartonshire","2005","electricity-consumption",413
"East Lothian","2005","electricity-consumption",499
"East Renfrewshire","2005","electricity-consumption",292
"Eilean Siar","2005","electricity-consumption",156
"Falkirk","2005","electricity-consumption",814
"Glasgow City","2005","electricity-consumption",3442
"Inverclyde","2005","electricity-consumption",421
"Midlothian","2005","electricity-consumption",313
"Moray","2005","electricity-consumption",545
"North Ayrshire","2005","electricity-consumption",931
"North Lanarkshire","2005","electricity-consumption",1655
"Orkney Islands","2005","electricity-consumption",138
"Perth and Kinross","2005","electricity-consumption",847
"Renfrewshire","2005","electricity-consumption",948
"Scottish Borders","2005","electricity-consumption",635
"Shetland Islands","2005","electricity-consumption",210
"South Ayrshire","2005","electricity-consumption",580
"South Lanarkshire","2005","electricity-consumption",1564
"Stirling","2005","electricity-consumption",571
"West Dunbartonshire","2005","electricity-consumption",443
"West Lothian","2005","electricity-consumption",946
"Aberdeen City","2006","electricity-consumption",1356
"Aberdeenshire","2006","electricity-consumption",1344
"Angus","2006","electricity-consumption",620
"Argyll and Bute","2006","electricity-consumption",752
"City of Edinburgh","2006","electricity-consumption",2798
"Clackmannanshire","2006","electricity-consumption",335
"Dundee City","2006","electricity-consumption",892
"East Ayrshire","2006","electricity-consumption",512
"East Dunbartonshire","2006","electricity-consumption",430
"East Lothian","2006","electricity-consumption",504
"East Renfrewshire","2006","electricity-consumption",295
"Eilean Siar","2006","electricity-consumption",157
"Falkirk","2006","electricity-consumption",807
"Glasgow City","2006","electricity-consumption",3405
"Inverclyde","2006","electricity-consumption",429
"Midlothian","2006","electricity-consumption",353
"Moray","2006","electricity-consumption",545
"North Ayrshire","2006","electricity-consumption",844
"North Lanarkshire","2006","electricity-consumption",1683
"Orkney Islands","2006","electricity-consumption",144
"Perth and Kinross","2006","electricity-consumption",845
"Renfrewshire","2006","electricity-consumption",957
"Scottish Borders","2006","electricity-consumption",622
"Shetland Islands","2006","electricity-consumption",207
"South Ayrshire","2006","electricity-consumption",583
"South Lanarkshire","2006","electricity-consumption",1607
"Stirling","2006","electricity-consumption",584
"West Dunbartonshire","2006","electricity-consumption",465
"West Lothian","2006","electricity-consumption",958
"Aberdeen City","2007","electricity-consumption",1329.1
"Aberdeenshire","2007","electricity-consumption",1380.3
"Angus","2007","electricity-consumption",625.7
"Argyll and Bute","2007","electricity-consumption",548.8
"City of Edinburgh","2007","electricity-consumption",2776.1
"Clackmannanshire","2007","electricity-consumption",345.2
"Dundee City","2007","electricity-consumption",863.8
"East Ayrshire","2007","electricity-consumption",504.6
"East Dunbartonshire","2007","electricity-consumption",433.4
"East Lothian","2007","electricity-consumption",507.7
"East Renfrewshire","2007","electricity-consumption",271.3
"Eilean Siar","2007","electricity-consumption",156.8
"Falkirk","2007","electricity-consumption",805.9
"Glasgow City","2007","electricity-consumption",3318.8
"Inverclyde","2007","electricity-consumption",390.6
"Midlothian","2007","electricity-consumption",319.6
"Moray","2007","electricity-consumption",553.6
"North Ayrshire","2007","electricity-consumption",837.7
"North Lanarkshire","2007","electricity-consumption",1656.9
"Orkney Islands","2007","electricity-consumption",149.6
"Perth and Kinross","2007","electricity-consumption",851.8
"Renfrewshire","2007","electricity-consumption",945.9
"Scottish Borders","2007","electricity-consumption",626.8
"Shetland Islands","2007","electricity-consumption",202.9
"South Ayrshire","2007","electricity-consumption",584.4
"South Lanarkshire","2007","electricity-consumption",1523.7
"Stirling","2007","electricity-consumption",549.9
"West Dunbartonshire","2007","electricity-consumption",451
"West Lothian","2007","electricity-consumption",918.5
"Aberdeen City","2008","electricity-consumption",1346.3
"Aberdeenshire","2008","electricity-consumption",1369.6
"Angus","2008","electricity-consumption",609.2
"Argyll and Bute","2008","electricity-consumption",549.5
"City of Edinburgh","2008","electricity-consumption",2708.9
"Clackmannanshire","2008","electricity-consumption",345.3
"Dundee City","2008","electricity-consumption",832.7
"East Ayrshire","2008","electricity-consumption",491.7
"East Dunbartonshire","2008","electricity-consumption",390.1
"East Lothian","2008","electricity-consumption",522.5
"East Renfrewshire","2008","electricity-consumption",258.2
"Eilean Siar","2008","electricity-consumption",151.1
"Falkirk","2008","electricity-consumption",798.2
"Glasgow City","2008","electricity-consumption",3369.1
"Inverclyde","2008","electricity-consumption",392.2
"Midlothian","2008","electricity-consumption",338.9
"Moray","2008","electricity-consumption",544.8
"North Ayrshire","2008","electricity-consumption",849
"North Lanarkshire","2008","electricity-consumption",1567.5
"Orkney Islands","2008","electricity-consumption",138.3
"Perth and Kinross","2008","electricity-consumption",829.4
"Renfrewshire","2008","electricity-consumption",871.1
"Scottish Borders","2008","electricity-consumption",589.7
"Shetland Islands","2008","electricity-consumption",198.5
"South Ayrshire","2008","electricity-consumption",565
"South Lanarkshire","2008","electricity-consumption",1508
"Stirling","2008","electricity-consumption",519.4
"West Dunbartonshire","2008","electricity-consumption",409.4
"West Lothian","2008","electricity-consumption",918.2
"Aberdeen City","2009","electricity-consumption",1307.3
"Aberdeenshire","2009","electricity-consumption",1346.8
"Angus","2009","electricity-consumption",581.4
"Argyll and Bute","2009","electricity-consumption",538.9
"City of Edinburgh","2009","electricity-consumption",2642.2
"Clackmannanshire","2009","electricity-consumption",325.5
"Dundee City","2009","electricity-consumption",811.7
"East Ayrshire","2009","electricity-consumption",465.7
"East Dunbartonshire","2009","electricity-consumption",367.4
"East Lothian","2009","electricity-consumption",465.6
"East Renfrewshire","2009","electricity-consumption",287.6
"Eilean Siar","2009","electricity-consumption",151.7
"Falkirk","2009","electricity-consumption",766.2
"Glasgow City","2009","electricity-consumption",2956.1
"Inverclyde","2009","electricity-consumption",357
"Midlothian","2009","electricity-consumption",324.1
"Moray","2009","electricity-consumption",541.3
"North Ayrshire","2009","electricity-consumption",811.7
"North Lanarkshire","2009","electricity-consumption",1517.3
"Orkney Islands","2009","electricity-consumption",133.6
"Perth and Kinross","2009","electricity-consumption",831.4
"Renfrewshire","2009","electricity-consumption",873.9
"Scottish Borders","2009","electricity-consumption",593.6
"Shetland Islands","2009","electricity-consumption",196.6
"South Ayrshire","2009","electricity-consumption",539.4
"South Lanarkshire","2009","electricity-consumption",1390.4
"Stirling","2009","electricity-consumption",510.1
"West Dunbartonshire","2009","electricity-consumption",409.6
"West Lothian","2009","electricity-consumption",862.7
"Aberdeen City","2010","electricity-consumption",1313.8
"Aberdeenshire","2010","electricity-consumption",1356.7
"Angus","2010","electricity-consumption",579.6
"Argyll and Bute","2010","electricity-consumption",542.2
"City of Edinburgh","2010","electricity-consumption",2613.6
"Clackmannanshire","2010","electricity-consumption",333
"Dundee City","2010","electricity-consumption",801.4
"East Ayrshire","2010","electricity-consumption",494.1
"East Dunbartonshire","2010","electricity-consumption",378.3
"East Lothian","2010","electricity-consumption",462.2
"East Renfrewshire","2010","electricity-consumption",285
"Eilean Siar","2010","electricity-consumption",156.6
"Falkirk","2010","electricity-consumption",775.5
"Glasgow City","2010","electricity-consumption",3062.4
"Inverclyde","2010","electricity-consumption",367.4
"Midlothian","2010","electricity-consumption",339.4
"Moray","2010","electricity-consumption",530
"North Ayrshire","2010","electricity-consumption",784.1
"North Lanarkshire","2010","electricity-consumption",1507.1
"Orkney Islands","2010","electricity-consumption",149.1
"Perth and Kinross","2010","electricity-consumption",829.7
"Renfrewshire","2010","electricity-consumption",884.7
"Scottish Borders","2010","electricity-consumption",604.6
"Shetland Islands","2010","electricity-consumption",199.1
"South Ayrshire","2010","electricity-consumption",536.1
"South Lanarkshire","2010","electricity-consumption",1366.1
"Stirling","2010","electricity-consumption",527.3
"West Dunbartonshire","2010","electricity-consumption",404.4
"West Lothian","2010","electricity-consumption",884.5
"Aberdeen City","2011","electricity-consumption",1291.7
"Aberdeenshire","2011","electricity-consumption",1238.8
"Angus","2011","electricity-consumption",559.7
"Argyll and Bute","2011","electricity-consumption",523.4
"City of Edinburgh","2011","electricity-consumption",2493.1
"Clackmannanshire","2011","electricity-consumption",331.8
"Dundee City","2011","electricity-consumption",766
"East Ayrshire","2011","electricity-consumption",478.6
"East Dunbartonshire","2011","electricity-consumption",384.5
"East Lothian","2011","electricity-consumption",436.8
"East Renfrewshire","2011","electricity-consumption",282
"Eilean Siar","2011","electricity-consumption",159.2
"Falkirk","2011","electricity-consumption",758.5
"Glasgow City","2011","electricity-consumption",3063.1
"Inverclyde","2011","electricity-consumption",363.4
"Midlothian","2011","electricity-consumption",303.8
"Moray","2011","electricity-consumption",518.8
"North Ayrshire","2011","electricity-consumption",761.6
"North Lanarkshire","2011","electricity-consumption",1489.5
"Orkney Islands","2011","electricity-consumption",142
"Perth and Kinross","2011","electricity-consumption",790.9
"Renfrewshire","2011","electricity-consumption",852
"Scottish Borders","2011","electricity-consumption",587.9
"Shetland Islands","2011","electricity-consumption",196.2
"South Ayrshire","2011","electricity-consumption",516.2
"South Lanarkshire","2011","electricity-consumption",1344.5
"Stirling","2011","electricity-consumption",507.5
"West Dunbartonshire","2011","electricity-consumption",396.4
"West Lothian","2011","electricity-consumption",890.2
"Aberdeen City","2012","electricity-consumption",1259
"Aberdeenshire","2012","electricity-consumption",1278.4
"Angus","2012","electricity-consumption",556
"Argyll and Bute","2012","electricity-consumption",549.2
"City of Edinburgh","2012","electricity-consumption",2505.8
"Clackmannanshire","2012","electricity-consumption",221
"Dumfries and Galloway","2012","electricity-consumption",897.9
"Dundee City","2012","electricity-consumption",728.6
"East Ayrshire","2012","electricity-consumption",447
"East Dunbartonshire","2012","electricity-consumption",346.3
"East Lothian","2012","electricity-consumption",458.9
"East Renfrewshire","2012","electricity-consumption",236
"Eilean Siar","2012","electricity-consumption",155.5
"Falkirk","2012","electricity-consumption",717.2
"Fife","2012","electricity-consumption",1649.8
"Glasgow City","2012","electricity-consumption",3097.4
"Highland","2012","electricity-consumption",1887.5
"Inverclyde","2012","electricity-consumption",353.6
"Midlothian","2012","electricity-consumption",343
"Moray","2012","electricity-consumption",513.8
"North Ayrshire","2012","electricity-consumption",744.7
"North Lanarkshire","2012","electricity-consumption",1417.7
"Orkney Islands","2012","electricity-consumption",142
"Perth and Kinross","2012","electricity-consumption",773
"Renfrewshire","2012","electricity-consumption",835
"Scottish Borders","2012","electricity-consumption",593.3
"Shetland Islands","2012","electricity-consumption",193.5
"South Ayrshire","2012","electricity-consumption",518.7
"South Lanarkshire","2012","electricity-consumption",1301.2
"Stirling","2012","electricity-consumption",500.5
"West Dunbartonshire","2012","electricity-consumption",339.6
"West Lothian","2012","electricity-consumption",890.7
"Aberdeen City","2013","electricity-consumption",1260.6
"Aberdeenshire","2013","electricity-consumption",1261.3
"Angus","2013","electricity-consumption",544
"Argyll and Bute","2013","electricity-consumption",517.9
"City of Edinburgh","2013","electricity-consumption",2483.2
"Clackmannanshire","2013","electricity-consumption",220.8
"Dumfries and Galloway","2013","electricity-consumption",882.4
"Dundee City","2013","electricity-consumption",727.8
"East Ayrshire","2013","electricity-consumption",443.8
"East Dunbartonshire","2013","electricity-consumption",346.3
"East Lothian","2013","electricity-consumption",466.2
"East Renfrewshire","2013","electricity-consumption",233.9
"Eilean Siar","2013","electricity-consumption",155.1
"Falkirk","2013","electricity-consumption",710.6
"Fife","2013","electricity-consumption",1644.8
"Glasgow City","2013","electricity-consumption",3012.8
"Highland","2013","electricity-consumption",1879.95
"Inverclyde","2013","electricity-consumption",346.4
"Midlothian","2013","electricity-consumption",348.2
"Moray","2013","electricity-consumption",514.1
"North Ayrshire","2013","electricity-consumption",736.8
"North Lanarkshire","2013","electricity-consumption",1407.1
"Orkney Islands","2013","electricity-consumption",140
"Perth and Kinross","2013","electricity-consumption",755.3
"Renfrewshire","2013","electricity-consumption",829.2
"Scottish Borders","2013","electricity-consumption",576.8
"Shetland Islands","2013","electricity-consumption",196.5
"South Ayrshire","2013","electricity-consumption",511.1
"South Lanarkshire","2013","electricity-consumption",1277
"Stirling","2013","electricity-consumption",488.9
"West Dunbartonshire","2013","electricity-consumption",349.5
"West Lothian","2013","electricity-consumption",863.7
"Aberdeen City","2014","electricity-consumption",1329.2
"Aberdeenshire","2014","electricity-consumption",1411.4
"Angus","2014","electricity-consumption",554.4
"Argyll and Bute","2014","electricity-consumption",559.8
"City of Edinburgh","2014","electricity-consumption",2303.3
"Clackmannanshire","2014","electricity-consumption",232.6
"Dundee City","2014","electricity-consumption",736.2
"East Ayrshire","2014","electricity-consumption",491.3
"East Dunbartonshire","2014","electricity-consumption",366.7
"East Lothian","2014","electricity-consumption",434.1
"East Renfrewshire","2014","electricity-consumption",255.2
"Eilean Siar","2014","electricity-consumption",162.2
"Falkirk","2014","electricity-consumption",616
"Glasgow City","2014","electricity-consumption",2836.4
"Inverclyde","2014","electricity-consumption",348.8
"Midlothian","2014","electricity-consumption",371.9
"Moray","2014","electricity-consumption",557.1
"North Ayrshire","2014","electricity-consumption",654.8
"North Lanarkshire","2014","electricity-consumption",1285.6
"Orkney Islands","2014","electricity-consumption",154.7
"Perth and Kinross","2014","electricity-consumption",819.3
"Renfrewshire","2014","electricity-consumption",675
"Scottish Borders","2014","electricity-consumption",601.5
"Shetland Islands","2014","electricity-consumption",191.3
"South Ayrshire","2014","electricity-consumption",541.5
"South Lanarkshire","2014","electricity-consumption",1307.7
"Stirling","2014","electricity-consumption",452.3
"West Dunbartonshire","2014","electricity-consumption",346
"West Lothian","2014","electricity-consumption",831.5
"Aberdeen City","2004","employment",106950
"Aberdeenshire","2004","employment",119000
"Angus","2004","employment",51225
"Argyll and Bute","2004","employment",41850
"City of Edinburgh","2004","employment",234825
"Clackmannanshire","2004","employment",22100
"Dumfries and Galloway","2004","employment",70800
"Dundee City","2004","employment",64450
"East Ayrshire","2004","employment",53475
"East Dunbartonshire","2004","employment",53200
"East Lothian","2004","employment",43925
"East Renfrewshire","2004","employment",43950
"Eilean Siar","2004","employment",12775
"Falkirk","2004","employment",72000
"Fife","2004","employment",175500
"Glasgow City","2004","employment",250225
"Highland","2004","employment",109925
"Inverclyde","2004","employment",35800
"Midlothian","2004","employment",40550
"Moray","2004","employment",41850
"North Ayrshire","2004","employment",59400
"North Lanarkshire","2004","employment",146950
"Orkney Islands","2004","employment",10350
"Perth and Kinross","2004","employment",65725
"Renfrewshire","2004","employment",81450
"Scottish Borders","2004","employment",53100
"Shetland Islands","2004","employment",11875
"South Ayrshire","2004","employment",50475
"South Lanarkshire","2004","employment",145900
"Stirling","2004","employment",41825
"West Dunbartonshire","2004","employment",41425
"West Lothian","2004","employment",84100
"Aberdeen City","2005","employment",110750
"Aberdeenshire","2005","employment",121575
"Angus","2005","employment",52500
"Argyll and Bute","2005","employment",42425
"City of Edinburgh","2005","employment",243225
"Clackmannanshire","2005","employment",21850
"Dumfries and Galloway","2005","employment",71600
"Dundee City","2005","employment",64950
"East Ayrshire","2005","employment",53250
"East Dunbartonshire","2005","employment",54425
"East Lothian","2005","employment",44825
"East Renfrewshire","2005","employment",43775
"Eilean Siar","2005","employment",13175
"Falkirk","2005","employment",73025
"Fife","2005","employment",176125
"Glasgow City","2005","employment",250050
"Highland","2005","employment",107725
"Inverclyde","2005","employment",36375
"Midlothian","2005","employment",40050
"Moray","2005","employment",42250
"North Ayrshire","2005","employment",60000
"North Lanarkshire","2005","employment",148775
"Orkney Islands","2005","employment",10600
"Perth and Kinross","2005","employment",66525
"Renfrewshire","2005","employment",82325
"Scottish Borders","2005","employment",52550
"Shetland Islands","2005","employment",11875
"South Ayrshire","2005","employment",50775
"South Lanarkshire","2005","employment",146300
"Stirling","2005","employment",41925
"West Dunbartonshire","2005","employment",42050
"West Lothian","2005","employment",82625
"Aberdeen City","2006","employment",115200
"Aberdeenshire","2006","employment",126600
"Angus","2006","employment",54075
"Argyll and Bute","2006","employment",43875
"City of Edinburgh","2006","employment",244625
"Clackmannanshire","2006","employment",22450
"Dumfries and Galloway","2006","employment",70600
"Dundee City","2006","employment",66350
"East Ayrshire","2006","employment",54550
"East Dunbartonshire","2006","employment",53500
"East Lothian","2006","employment",45250
"East Renfrewshire","2006","employment",43325
"Eilean Siar","2006","employment",13000
"Falkirk","2006","employment",75150
"Fife","2006","employment",174600
"Glasgow City","2006","employment",259475
"Highland","2006","employment",110750
"Inverclyde","2006","employment",36975
"Midlothian","2006","employment",40150
"Moray","2006","employment",42700
"North Ayrshire","2006","employment",60550
"North Lanarkshire","2006","employment",153150
"Orkney Islands","2006","employment",10400
"Perth and Kinross","2006","employment",69200
"Renfrewshire","2006","employment",83350
"Scottish Borders","2006","employment",54425
"Shetland Islands","2006","employment",12100
"South Ayrshire","2006","employment",51850
"South Lanarkshire","2006","employment",153275
"Stirling","2006","employment",42350
"West Dunbartonshire","2006","employment",43425
"West Lothian","2006","employment",84950
"Aberdeen City","2007","employment",114025
"Aberdeenshire","2007","employment",127650
"Angus","2007","employment",53525
"Argyll and Bute","2007","employment",43250
"City of Edinburgh","2007","employment",250400
"Clackmannanshire","2007","employment",22275
"Dumfries and Galloway","2007","employment",71200
"Dundee City","2007","employment",66400
"East Ayrshire","2007","employment",55975
"East Dunbartonshire","2007","employment",51250
"East Lothian","2007","employment",46550
"East Renfrewshire","2007","employment",42825
"Eilean Siar","2007","employment",12925
"Falkirk","2007","employment",75275
"Fife","2007","employment",176325
"Glasgow City","2007","employment",269375
"Highland","2007","employment",113325
"Inverclyde","2007","employment",37050
"Midlothian","2007","employment",41175
"Moray","2007","employment",44150
"North Ayrshire","2007","employment",59425
"North Lanarkshire","2007","employment",151700
"Orkney Islands","2007","employment",10875
"Perth and Kinross","2007","employment",69650
"Renfrewshire","2007","employment",82825
"Scottish Borders","2007","employment",55900
"Shetland Islands","2007","employment",12350
"South Ayrshire","2007","employment",52025
"South Lanarkshire","2007","employment",155400
"Stirling","2007","employment",43000
"West Dunbartonshire","2007","employment",43350
"West Lothian","2007","employment",86375
"Aberdeen City","2008","employment",116325
"Aberdeenshire","2008","employment",128950
"Angus","2008","employment",53425
"Argyll and Bute","2008","employment",41300
"City of Edinburgh","2008","employment",253725
"Clackmannanshire","2008","employment",22350
"Dumfries and Galloway","2008","employment",69475
"Dundee City","2008","employment",65225
"East Ayrshire","2008","employment",55350
"East Dunbartonshire","2008","employment",49925
"East Lothian","2008","employment",47125
"East Renfrewshire","2008","employment",41875
"Eilean Siar","2008","employment",12650
"Falkirk","2008","employment",73725
"Fife","2008","employment",173300
"Glasgow City","2008","employment",265725
"Highland","2008","employment",112975
"Inverclyde","2008","employment",36225
"Midlothian","2008","employment",40300
"Moray","2008","employment",45025
"North Ayrshire","2008","employment",58925
"North Lanarkshire","2008","employment",151800
"Orkney Islands","2008","employment",10850
"Perth and Kinross","2008","employment",70825
"Renfrewshire","2008","employment",81975
"Scottish Borders","2008","employment",55075
"Shetland Islands","2008","employment",12275
"South Ayrshire","2008","employment",51075
"South Lanarkshire","2008","employment",150850
"Stirling","2008","employment",42850
"West Dunbartonshire","2008","employment",41450
"West Lothian","2008","employment",85575
"Aberdeen City","2009","employment",119125
"Aberdeenshire","2009","employment",129775
"Angus","2009","employment",51100
"Argyll and Bute","2009","employment",40875
"City of Edinburgh","2009","employment",241550
"Clackmannanshire","2009","employment",23750
"Dumfries and Galloway","2009","employment",68850
"Dundee City","2009","employment",66075
"East Ayrshire","2009","employment",54100
"East Dunbartonshire","2009","employment",50150
"East Lothian","2009","employment",45900
"East Renfrewshire","2009","employment",40925
"Eilean Siar","2009","employment",11700
"Falkirk","2009","employment",73100
"Fife","2009","employment",171075
"Glasgow City","2009","employment",255750
"Highland","2009","employment",115300
"Inverclyde","2009","employment",35900
"Midlothian","2009","employment",39500
"Moray","2009","employment",44275
"North Ayrshire","2009","employment",56175
"North Lanarkshire","2009","employment",152150
"Orkney Islands","2009","employment",11075
"Perth and Kinross","2009","employment",68800
"Renfrewshire","2009","employment",78675
"Scottish Borders","2009","employment",52150
"Shetland Islands","2009","employment",12325
"South Ayrshire","2009","employment",49150
"South Lanarkshire","2009","employment",148100
"Stirling","2009","employment",41600
"West Dunbartonshire","2009","employment",40450
"West Lothian","2009","employment",83425
"Aberdeen City","2010","employment",117000
"Aberdeenshire","2010","employment",131125
"Angus","2010","employment",50625
"Argyll and Bute","2010","employment",40375
"City of Edinburgh","2010","employment",247850
"Clackmannanshire","2010","employment",24325
"Dumfries and Galloway","2010","employment",65950
"Dundee City","2010","employment",67225
"East Ayrshire","2010","employment",54125
"East Dunbartonshire","2010","employment",48800
"East Lothian","2010","employment",45375
"East Renfrewshire","2010","employment",41575
"Eilean Siar","2010","employment",10975
"Falkirk","2010","employment",73075
"Fife","2010","employment",171050
"Glasgow City","2010","employment",259600
"Highland","2010","employment",113425
"Inverclyde","2010","employment",36325
"Midlothian","2010","employment",39050
"Moray","2010","employment",44200
"North Ayrshire","2010","employment",54575
"North Lanarkshire","2010","employment",148275
"Orkney Islands","2010","employment",10350
"Perth and Kinross","2010","employment",70700
"Renfrewshire","2010","employment",75525
"Scottish Borders","2010","employment",52375
"Shetland Islands","2010","employment",12475
"South Ayrshire","2010","employment",47800
"South Lanarkshire","2010","employment",148350
"Stirling","2010","employment",40500
"West Dunbartonshire","2010","employment",40650
"West Lothian","2010","employment",84375
"Aberdeen City","2011","employment",117500
"Aberdeenshire","2011","employment",130900
"Angus","2011","employment",50400
"Argyll and Bute","2011","employment",38700
"City of Edinburgh","2011","employment",251100
"Clackmannanshire","2011","employment",21600
"Dumfries and Galloway","2011","employment",63500
"Dundee City","2011","employment",65700
"East Ayrshire","2011","employment",52600
"East Dunbartonshire","2011","employment",49400
"East Lothian","2011","employment",45800
"East Renfrewshire","2011","employment",42000
"Eilean Siar","2011","employment",10700
"Falkirk","2011","employment",72000
"Fife","2011","employment",168500
"Glasgow City","2011","employment",266600
"Highland","2011","employment",113700
"Inverclyde","2011","employment",34900
"Midlothian","2011","employment",39500
"Moray","2011","employment",43800
"North Ayrshire","2011","employment",53400
"North Lanarkshire","2011","employment",147400
"Orkney Islands","2011","employment",10500
"Perth and Kinross","2011","employment",71400
"Renfrewshire","2011","employment",75800
"Scottish Borders","2011","employment",52600
"Shetland Islands","2011","employment",12200
"South Ayrshire","2011","employment",46700
"South Lanarkshire","2011","employment",149300
"Stirling","2011","employment",42000
"West Dunbartonshire","2011","employment",40600
"West Lothian","2011","employment",83000
"Aberdeen City","2001","population",211910
"Aberdeenshire","2001","population",226940
"Angus","2001","population",108370
"Argyll and Bute","2001","population",77365.5
"City of Edinburgh","2001","population",449020
"Clackmannanshire","2001","population",48070
"Dumfries and Galloway","2001","population",147780
"Dundee City","2001","population",145460
"East Ayrshire","2001","population",120310
"East Dunbartonshire","2001","population",108250
"East Lothian","2001","population",78495.5
"East Renfrewshire","2001","population",89410
"Eilean Siar","2001","population",26450
"Falkirk","2001","population",145270
"Fife","2001","population",349770
"Glasgow City","2001","population",578710
"Highland","2001","population",130681.25
"Inverclyde","2001","population",84150
"Midlothian","2001","population",80950
"Moray","2001","population",80014
"North Ayrshire","2001","population",135820
"North Lanarkshire","2001","population",321180
"Orkney Islands","2001","population",19220
"Perth and Kinross","2001","population",134950
"Renfrewshire","2001","population",172850
"Scottish Borders","2001","population",106950
"Shetland Islands","2001","population",21960
"South Ayrshire","2001","population",112160
"South Lanarkshire","2001","population",302340
"Stirling","2001","population",78306
"West Dunbartonshire","2001","population",93320
"West Lothian","2001","population",159030
"Aberdeen City","2002","population",210680
"Aberdeenshire","2002","population",228830
"Angus","2002","population",108810
"Argyll and Bute","2002","population",77003
"City of Edinburgh","2002","population",447490
"Clackmannanshire","2002","population",48140
"Dumfries and Galloway","2002","population",147670
"Dundee City","2002","population",144370
"East Ayrshire","2002","population",119920
"East Dunbartonshire","2002","population",107350
"East Lothian","2002","population",79323
"East Renfrewshire","2002","population",89930
"Eilean Siar","2002","population",26350
"Falkirk","2002","population",145930
"Fife","2002","population",350740
"Glasgow City","2002","population",576450
"Highland","2002","population",131004.25
"Inverclyde","2002","population",83730
"Midlothian","2002","population",80870
"Moray","2002","population",80706.5
"North Ayrshire","2002","population",135890
"North Lanarkshire","2002","population",322520
"Orkney Islands","2002","population",19340
"Perth and Kinross","2002","population",135130
"Renfrewshire","2002","population",172300
"Scottish Borders","2002","population",107530
"Shetland Islands","2002","population",22000
"South Ayrshire","2002","population",111690
"South Lanarkshire","2002","population",302780
"Stirling","2002","population",78422
"West Dunbartonshire","2002","population",93040
"West Lothian","2002","population",160370
"Aberdeen City","2003","population",209280
"Aberdeenshire","2003","population",231250
"Angus","2003","population",108710
"Argyll and Bute","2003","population",77000
"City of Edinburgh","2003","population",445290
"Clackmannanshire","2003","population",48140
"Dumfries and Galloway","2003","population",147860
"Dundee City","2003","population",144070
"East Ayrshire","2003","population",119860
"East Dunbartonshire","2003","population",107000
"East Lothian","2003","population",79971
"East Renfrewshire","2003","population",89870
"Eilean Siar","2003","population",26430
"Falkirk","2003","population",146800
"Fife","2003","population",351350
"Glasgow City","2003","population",572260
"Highland","2003","population",131895
"Inverclyde","2003","population",83300
"Midlothian","2003","population",80280
"Moray","2003","population",81764
"North Ayrshire","2003","population",136310
"North Lanarkshire","2003","population",323700
"Orkney Islands","2003","population",19540
"Perth and Kinross","2003","population",135960
"Renfrewshire","2003","population",171560
"Scottish Borders","2003","population",108400
"Shetland Islands","2003","population",21960
"South Ayrshire","2003","population",111550
"South Lanarkshire","2003","population",303480
"Stirling","2003","population",78542.5
"West Dunbartonshire","2003","population",92470
"West Lothian","2003","population",161690
"Aberdeen City","2004","population",207820
"Aberdeenshire","2004","population",234690
"Angus","2004","population",110170
"Argyll and Bute","2004","population",77011
"City of Edinburgh","2004","population",445870
"Clackmannanshire","2004","population",48670
"Dumfries and Galloway","2004","population",148690
"Dundee City","2004","population",143100
"East Ayrshire","2004","population",120210
"East Dunbartonshire","2004","population",106540
"East Lothian","2004","population",80525
"East Renfrewshire","2004","population",89790
"Eilean Siar","2004","population",26650
"Falkirk","2004","population",148300
"Fife","2004","population",353050
"Glasgow City","2004","population",569560
"Highland","2004","population",133306.25
"Inverclyde","2004","population",82690
"Midlothian","2004","population",80230
"Moray","2004","population",82182.5
"North Ayrshire","2004","population",136500
"North Lanarkshire","2004","population",325400
"Orkney Islands","2004","population",19830
"Perth and Kinross","2004","population",136900
"Renfrewshire","2004","population",171470
"Scottish Borders","2004","population",109460
"Shetland Islands","2004","population",22090
"South Ayrshire","2004","population",111840
"South Lanarkshire","2004","population",305670
"Stirling","2004","population",78755.5
"West Dunbartonshire","2004","population",91970
"West Lothian","2004","population",163540
"Aberdeen City","2005","population",208690
"Aberdeenshire","2005","population",237570
"Angus","2005","population",111340
"Argyll and Bute","2005","population",76919
"City of Edinburgh","2005","population",449480
"Clackmannanshire","2005","population",49160
"Dumfries and Galloway","2005","population",149620
"Dundee City","2005","population",143600
"East Ayrshire","2005","population",120280
"East Dunbartonshire","2005","population",106040
"East Lothian","2005","population",81154
"East Renfrewshire","2005","population",89880
"Eilean Siar","2005","population",26930
"Falkirk","2005","population",150130
"Fife","2005","population",355450
"Glasgow City","2005","population",569240
"Highland","2005","population",135025
"Inverclyde","2005","population",82680
"Midlothian","2005","population",80050
"Moray","2005","population",82853
"North Ayrshire","2005","population",136690
"North Lanarkshire","2005","population",327140
"Orkney Islands","2005","population",20070
"Perth and Kinross","2005","population",138060
"Renfrewshire","2005","population",171430
"Scottish Borders","2005","population",110250
"Shetland Islands","2005","population",22250
"South Ayrshire","2005","population",112030
"South Lanarkshire","2005","population",306850
"Stirling","2005","population",79200.5
"West Dunbartonshire","2005","population",91530
"West Lothian","2005","population",165010
"Aberdeen City","2006","population",209620
"Aberdeenshire","2006","population",241180
"Angus","2006","population",112500
"Argyll and Bute","2006","population",77179.5
"City of Edinburgh","2006","population",452060
"Clackmannanshire","2006","population",49540
"Dumfries and Galloway","2006","population",149780
"Dundee City","2006","population",143370
"East Ayrshire","2006","population",120450
"East Dunbartonshire","2006","population",105590
"East Lothian","2006","population",82259.5
"East Renfrewshire","2006","population",89750
"Eilean Siar","2006","population",27060
"Falkirk","2006","population",151090
"Fife","2006","population",357260
"Glasgow City","2006","population",568480
"Highland","2006","population",136516.75
"Inverclyde","2006","population",82320
"Midlothian","2006","population",80000
"Moray","2006","population",83482.5
"North Ayrshire","2006","population",136790
"North Lanarkshire","2006","population",328740
"Orkney Islands","2006","population",20340
"Perth and Kinross","2006","population",139390
"Renfrewshire","2006","population",171270
"Scottish Borders","2006","population",110860
"Shetland Islands","2006","population",22210
"South Ayrshire","2006","population",112100
"South Lanarkshire","2006","population",308450
"Stirling","2006","population",79709.5
"West Dunbartonshire","2006","population",91420
"West Lothian","2006","population",167110
"Aberdeen City","2007","population",212460
"Aberdeenshire","2007","population",244390
"Angus","2007","population",113540
"Argyll and Bute","2007","population",77171
"City of Edinburgh","2007","population",456040
"Clackmannanshire","2007","population",50600
"Dumfries and Galloway","2007","population",150370
"Dundee City","2007","population",143700
"East Ayrshire","2007","population",120950
"East Dunbartonshire","2007","population",105050
"East Lothian","2007","population",83881.5
"East Renfrewshire","2007","population",89840
"Eilean Siar","2007","population",27210
"Falkirk","2007","population",152320
"Fife","2007","population",358750
"Glasgow City","2007","population",571760
"Highland","2007","population",138113
"Inverclyde","2007","population",82110
"Midlothian","2007","population",80370
"Moray","2007","population",84186
"North Ayrshire","2007","population",137420
"North Lanarkshire","2007","population",331170
"Orkney Islands","2007","population",20580
"Perth and Kinross","2007","population",141140
"Renfrewshire","2007","population",171860
"Scottish Borders","2007","population",112200
"Shetland Islands","2007","population",22350
"South Ayrshire","2007","population",112380
"South Lanarkshire","2007","population",310380
"Stirling","2007","population",79969
"West Dunbartonshire","2007","population",91370
"West Lothian","2007","population",169470
"Aberdeen City","2008","population",214020
"Aberdeenshire","2008","population",246840
"Angus","2008","population",114490
"Argyll and Bute","2008","population",76568.5
"City of Edinburgh","2008","population",458520
"Clackmannanshire","2008","population",51190
"Dumfries and Galloway","2008","population",151010
"Dundee City","2008","population",144290
"East Ayrshire","2008","population",121590
"East Dunbartonshire","2008","population",104940
"East Lothian","2008","population",85363.5
"East Renfrewshire","2008","population",89870
"Eilean Siar","2008","population",27280
"Falkirk","2008","population",153290
"Fife","2008","population",360050
"Glasgow City","2008","population",576200
"Highland","2008","population",139415.75
"Inverclyde","2008","population",82000
"Midlothian","2008","population",81540
"Moray","2008","population",85593.5
"North Ayrshire","2008","population",137910
"North Lanarkshire","2008","population",333290
"Orkney Islands","2008","population",20740
"Perth and Kinross","2008","population",143130
"Renfrewshire","2008","population",172640
"Scottish Borders","2008","population",113360
"Shetland Islands","2008","population",22480
"South Ayrshire","2008","population",112610
"South Lanarkshire","2008","population",311320
"Stirling","2008","population",80142
"West Dunbartonshire","2008","population",91190
"West Lothian","2008","population",171380
"Aberdeen City","2009","population",217020
"Aberdeenshire","2009","population",249020
"Angus","2009","population",114830
"Argyll and Bute","2009","population",76188
"City of Edinburgh","2009","population",463240
"Clackmannanshire","2009","population",51290
"Dumfries and Galloway","2009","population",151160
"Dundee City","2009","population",145170
"East Ayrshire","2009","population",122110
"East Dunbartonshire","2009","population",104960
"East Lothian","2009","population",86083
"East Renfrewshire","2009","population",89980
"Eilean Siar","2009","population",27420
"Falkirk","2009","population",154210
"Fife","2009","population",361410
"Glasgow City","2009","population",581620
"Highland","2009","population",140138.25
"Inverclyde","2009","population",81670
"Midlothian","2009","population",81900
"Moray","2009","population",85872
"North Ayrshire","2009","population",137830
"North Lanarkshire","2009","population",335160
"Orkney Islands","2009","population",20940
"Perth and Kinross","2009","population",144370
"Renfrewshire","2009","population",173020
"Scottish Borders","2009","population",113590
"Shetland Islands","2009","population",22790
"South Ayrshire","2009","population",112490
"South Lanarkshire","2009","population",312180
"Stirling","2009","population",80368.5
"West Dunbartonshire","2009","population",91080
"West Lothian","2009","population",173040
"Aberdeen City","2010","population",219730
"Aberdeenshire","2010","population",251430
"Angus","2010","population",115410
"Argyll and Bute","2010","population",75622.5
"City of Edinburgh","2010","population",469940
"Clackmannanshire","2010","population",51330
"Dumfries and Galloway","2010","population",151100
"Dundee City","2010","population",146060
"East Ayrshire","2010","population",122410
"East Dunbartonshire","2010","population",104920
"East Lothian","2010","population",86949
"East Renfrewshire","2010","population",90410
"Eilean Siar","2010","population",27600
"Falkirk","2010","population",155140
"Fife","2010","population",362610
"Glasgow City","2010","population",586500
"Highland","2010","population",140898.25
"Inverclyde","2010","population",81510
"Midlothian","2010","population",82360
"Moray","2010","population",86348
"North Ayrshire","2010","population",137790
"North Lanarkshire","2010","population",336280
"Orkney Islands","2010","population",21220
"Perth and Kinross","2010","population",145600
"Renfrewshire","2010","population",173700
"Scottish Borders","2010","population",113690
"Shetland Islands","2010","population",23060
"South Ayrshire","2010","population",112600
"South Lanarkshire","2010","population",313180
"Stirling","2010","population",81142
"West Dunbartonshire","2010","population",90800
"West Lothian","2010","population",174090
"Aberdeen City","2011","population",222460
"Aberdeenshire","2011","population",253650
"Angus","2011","population",116200
"Argyll and Bute","2011","population",75666
"City of Edinburgh","2011","population",477940
"Clackmannanshire","2011","population",51500
"Dumfries and Galloway","2011","population",151410
"Dundee City","2011","population",147200
"East Ayrshire","2011","population",122690
"East Dunbartonshire","2011","population",105000
"East Lothian","2011","population",87773
"East Renfrewshire","2011","population",90810
"Eilean Siar","2011","population",27690
"Falkirk","2011","population",156250
"Fife","2011","population",365300
"Glasgow City","2011","population",593060
"Highland","2011","population",142002.75
"Inverclyde","2011","population",81220
"Midlothian","2011","population",83450
"Moray","2011","population",86079
"North Ayrshire","2011","population",138090
"North Lanarkshire","2011","population",337720
"Orkney Islands","2011","population",21420
"Perth and Kinross","2011","population",146850
"Renfrewshire","2011","population",174700
"Scottish Borders","2011","population",113880
"Shetland Islands","2011","population",23240
"South Ayrshire","2011","population",112980
"South Lanarkshire","2011","population",313900
"Stirling","2011","population",81894.5
"West Dunbartonshire","2011","population",90610
"West Lothian","2011","population",175300
"Aberdeen City","2012","population",224970
"Aberdeenshire","2012","population",255540
"Angus","2012","population",116210
"Argyll and Bute","2012","population",74429.5
"City of Edinburgh","2012","population",482640
"Clackmannanshire","2012","population",51280
"Dumfries and Galloway","2012","population",150830
"Dundee City","2012","population",147800
"East Ayrshire","2012","population",122720
"East Dunbartonshire","2012","population",105880
"East Lothian","2012","population",88602.5
"East Renfrewshire","2012","population",91030
"Eilean Siar","2012","population",27560
"Falkirk","2012","population",156800
"Fife","2012","population",366220
"Glasgow City","2012","population",595080
"Highland","2012","population",141610
"Inverclyde","2012","population",80680
"Midlothian","2012","population",84240
"Moray","2012","population",85561.5
"North Ayrshire","2012","population",137560
"North Lanarkshire","2012","population",337870
"Orkney Islands","2012","population",21530
"Perth and Kinross","2012","population",147740
"Renfrewshire","2012","population",174310
"Scottish Borders","2012","population",113710
"Shetland Islands","2012","population",23210
"South Ayrshire","2012","population",112910
"South Lanarkshire","2012","population",314360
"Stirling","2012","population",82394
"West Dunbartonshire","2012","population",90340
"West Lothian","2012","population",175990
"Aberdeen City","2013","population",227130
"Aberdeenshire","2013","population",257740
"Angus","2013","population",116240
"Argyll and Bute","2013","population",74965
"City of Edinburgh","2013","population",487500
"Clackmannanshire","2013","population",51280
"Dumfries and Galloway","2013","population",150270
"Dundee City","2013","population",148170
"East Ayrshire","2013","population",122440
"East Dunbartonshire","2013","population",105860
"East Lothian","2013","population",89001.5
"East Renfrewshire","2013","population",91500
"Eilean Siar","2013","population",27400
"Falkirk","2013","population",157140
"Fife","2013","population",366910
"Glasgow City","2013","population",596550
"Highland","2013","population",141891
"Inverclyde","2013","population",80310
"Midlothian","2013","population",84700
"Moray","2013","population",86953.5
"North Ayrshire","2013","population",136920
"North Lanarkshire","2013","population",337730
"Orkney Islands","2013","population",21570
"Perth and Kinross","2013","population",147750
"Renfrewshire","2013","population",173900
"Scottish Borders","2013","population",113870
"Shetland Islands","2013","population",23200
"South Ayrshire","2013","population",112850
"South Lanarkshire","2013","population",314850
"Stirling","2013","population",82529.5
"West Dunbartonshire","2013","population",89810
"West Lothian","2013","population",176140
"Aberdeen City","2014","population",228990
"Aberdeenshire","2014","population",260500
"Angus","2014","population",116660
"Argyll and Bute","2014","population",74568
"City of Edinburgh","2014","population",492680
"Clackmannanshire","2014","population",51190
"Dumfries and Galloway","2014","population",149940
"Dundee City","2014","population",148260
"East Ayrshire","2014","population",122150
"East Dunbartonshire","2014","population",106730
"East Lothian","2014","population",89649
"East Renfrewshire","2014","population",92380
"Eilean Siar","2014","population",27250
"Falkirk","2014","population",157640
"Fife","2014","population",367260
"Glasgow City","2014","population",599650
"Highland","2014","population",141867
"Inverclyde","2014","population",79860
"Midlothian","2014","population",86210
"Moray","2014","population",87312
"North Ayrshire","2014","population",136450
"North Lanarkshire","2014","population",337950
"Orkney Islands","2014","population",21590
"Perth and Kinross","2014","population",148880
"Renfrewshire","2014","population",174230
"Scottish Borders","2014","population",114030
"Shetland Islands","2014","population",23230
"South Ayrshire","2014","population",112510
"South Lanarkshire","2014","population",315360
"Stirling","2014","population",82822
"West Dunbartonshire","2014","population",89730
"West Lothian","2014","population",177150
"Aberdeen City","2005","road-vehicles",97
"Aberdeenshire","2005","road-vehicles",186
"Angus","2005","road-vehicles",71
"Argyll and Bute","2005","road-vehicles",60
"City of Edinburgh","2005","road-vehicles",230
"Clackmannanshire","2005","road-vehicles",20
"Dumfries and Galloway","2005","road-vehicles",165
"Dundee City","2005","road-vehicles",65
"East Ayrshire","2005","road-vehicles",80
"East Dunbartonshire","2005","road-vehicles",42
"East Lothian","2005","road-vehicles",63
"East Renfrewshire","2005","road-vehicles",60
"Eilean Siar","2005","road-vehicles",12
"Falkirk","2005","road-vehicles",110
"Fife","2005","road-vehicles",188
"Glasgow City","2005","road-vehicles",264
"Highland","2005","road-vehicles",172
"Inverclyde","2005","road-vehicles",37
"Midlothian","2005","road-vehicles",45
"Moray","2005","road-vehicles",48
"North Ayrshire","2005","road-vehicles",53
"North Lanarkshire","2005","road-vehicles",236
"Orkney Islands","2005","road-vehicles",8
"Perth and Kinross","2005","road-vehicles",176
"Renfrewshire","2005","road-vehicles",104
"Scottish Borders","2005","road-vehicles",79
"Shetland Islands","2005","road-vehicles",12
"South Ayrshire","2005","road-vehicles",68
"South Lanarkshire","2005","road-vehicles",201
"Stirling","2005","road-vehicles",82
"West Dunbartonshire","2005","road-vehicles",44
"West Lothian","2005","road-vehicles",118
"Aberdeen City","2006","road-vehicles",103
"Aberdeenshire","2006","road-vehicles",198
"Angus","2006","road-vehicles",77
"Argyll and Bute","2006","road-vehicles",62
"City of Edinburgh","2006","road-vehicles",232
"Clackmannanshire","2006","road-vehicles",20
"Dumfries and Galloway","2006","road-vehicles",168
"Dundee City","2006","road-vehicles",67
"East Ayrshire","2006","road-vehicles",79
"East Dunbartonshire","2006","road-vehicles",42
"East Lothian","2006","road-vehicles",64
"East Renfrewshire","2006","road-vehicles",54
"Eilean Siar","2006","road-vehicles",13
"Falkirk","2006","road-vehicles",115
"Fife","2006","road-vehicles",195
"Glasgow City","2006","road-vehicles",269
"Highland","2006","road-vehicles",178
"Inverclyde","2006","road-vehicles",38
"Midlothian","2006","road-vehicles",47
"Moray","2006","road-vehicles",50
"North Ayrshire","2006","road-vehicles",55
"North Lanarkshire","2006","road-vehicles",242
"Orkney Islands","2006","road-vehicles",9
"Perth and Kinross","2006","road-vehicles",180
"Renfrewshire","2006","road-vehicles",107
"Scottish Borders","2006","road-vehicles",82
"Shetland Islands","2006","road-vehicles",13
"South Ayrshire","2006","road-vehicles",70
"South Lanarkshire","2006","road-vehicles",207
"Stirling","2006","road-vehicles",86
"West Dunbartonshire","2006","road-vehicles",45
"West Lothian","2006","road-vehicles",120
"Aberdeen City","2007","road-vehicles",101
"Aberdeenshire","2007","road-vehicles",200
"Angus","2007","road-vehicles",77
"Argyll and Bute","2007","road-vehicles",62
"City of Edinburgh","2007","road-vehicles",237
"Clackmannanshire","2007","road-vehicles",21
"Dumfries and Galloway","2007","road-vehicles",175
"Dundee City","2007","road-vehicles",69
"East Ayrshire","2007","road-vehicles",79
"East Dunbartonshire","2007","road-vehicles",44
"East Lothian","2007","road-vehicles",66
"East Renfrewshire","2007","road-vehicles",56
"Eilean Siar","2007","road-vehicles",13
"Falkirk","2007","road-vehicles",118
"Fife","2007","road-vehicles",200
"Glasgow City","2007","road-vehicles",273
"Highland","2007","road-vehicles",182
"Inverclyde","2007","road-vehicles",39
"Midlothian","2007","road-vehicles",48
"Moray","2007","road-vehicles",51
"North Ayrshire","2007","road-vehicles",55
"North Lanarkshire","2007","road-vehicles",246
"Orkney Islands","2007","road-vehicles",9
"Perth and Kinross","2007","road-vehicles",184
"Renfrewshire","2007","road-vehicles",108
"Scottish Borders","2007","road-vehicles",84
"Shetland Islands","2007","road-vehicles",13
"South Ayrshire","2007","road-vehicles",72
"South Lanarkshire","2007","road-vehicles",211
"Stirling","2007","road-vehicles",88
"West Dunbartonshire","2007","road-vehicles",45
"West Lothian","2007","road-vehicles",123
"Aberdeen City","2008","road-vehicles",101
"Aberdeenshire","2008","road-vehicles",198
"Angus","2008","road-vehicles",78
"Argyll and Bute","2008","road-vehicles",62
"City of Edinburgh","2008","road-vehicles",234
"Clackmannanshire","2008","road-vehicles",21
"Dumfries and Galloway","2008","road-vehicles",174
"Dundee City","2008","road-vehicles",69
"East Ayrshire","2008","road-vehicles",78
"East Dunbartonshire","2008","road-vehicles",43
"East Lothian","2008","road-vehicles",64
"East Renfrewshire","2008","road-vehicles",57
"Eilean Siar","2008","road-vehicles",13
"Falkirk","2008","road-vehicles",117
"Fife","2008","road-vehicles",198
"Glasgow City","2008","road-vehicles",273
"Highland","2008","road-vehicles",181
"Inverclyde","2008","road-vehicles",38
"Midlothian","2008","road-vehicles",48
"Moray","2008","road-vehicles",51
"North Ayrshire","2008","road-vehicles",55
"North Lanarkshire","2008","road-vehicles",246
"Orkney Islands","2008","road-vehicles",9
"Perth and Kinross","2008","road-vehicles",180
"Renfrewshire","2008","road-vehicles",109
"Scottish Borders","2008","road-vehicles",83
"Shetland Islands","2008","road-vehicles",13
"South Ayrshire","2008","road-vehicles",71
"South Lanarkshire","2008","road-vehicles",209
"Stirling","2008","road-vehicles",87
"West Dunbartonshire","2008","road-vehicles",45
"West Lothian","2008","road-vehicles",124
"Aberdeen City","2009","road-vehicles",96
"Aberdeenshire","2009","road-vehicles",193
"Angus","2009","road-vehicles",76
"Argyll and Bute","2009","road-vehicles",61
"City of Edinburgh","2009","road-vehicles",234
"Clackmannanshire","2009","road-vehicles",21
"Dumfries and Galloway","2009","road-vehicles",166
"Dundee City","2009","road-vehicles",67
"East Ayrshire","2009","road-vehicles",78
"East Dunbartonshire","2009","road-vehicles",43
"East Lothian","2009","road-vehicles",62
"East Renfrewshire","2009","road-vehicles",56
"Eilean Siar","2009","road-vehicles",13
"Falkirk","2009","road-vehicles",115
"Fife","2009","road-vehicles",195
"Glasgow City","2009","road-vehicles",267
"Highland","2009","road-vehicles",182
"Inverclyde","2009","road-vehicles",37
"Midlothian","2009","road-vehicles",47
"Moray","2009","road-vehicles",51
"North Ayrshire","2009","road-vehicles",54
"North Lanarkshire","2009","road-vehicles",241
"Orkney Islands","2009","road-vehicles",9
"Perth and Kinross","2009","road-vehicles",176
"Renfrewshire","2009","road-vehicles",106
"Scottish Borders","2009","road-vehicles",82
"Shetland Islands","2009","road-vehicles",13
"South Ayrshire","2009","road-vehicles",71
"South Lanarkshire","2009","road-vehicles",206
"Stirling","2009","road-vehicles",85
"West Dunbartonshire","2009","road-vehicles",45
"West Lothian","2009","road-vehicles",121
"Aberdeen City","2010","road-vehicles",95
"Aberdeenshire","2010","road-vehicles",190
"Angus","2010","road-vehicles",76
"Argyll and Bute","2010","road-vehicles",60
"City of Edinburgh","2010","road-vehicles",227
"Clackmannanshire","2010","road-vehicles",21
"Dumfries and Galloway","2010","road-vehicles",165
"Dundee City","2010","road-vehicles",66
"East Ayrshire","2010","road-vehicles",76
"East Dunbartonshire","2010","road-vehicles",42
"East Lothian","2010","road-vehicles",61
"East Renfrewshire","2010","road-vehicles",55
"Eilean Siar","2010","road-vehicles",13
"Falkirk","2010","road-vehicles",113
"Fife","2010","road-vehicles",191
"Glasgow City","2010","road-vehicles",262
"Highland","2010","road-vehicles",180
"Inverclyde","2010","road-vehicles",36
"Midlothian","2010","road-vehicles",46
"Moray","2010","road-vehicles",50
"North Ayrshire","2010","road-vehicles",53
"North Lanarkshire","2010","road-vehicles",236
"Orkney Islands","2010","road-vehicles",9
"Perth and Kinross","2010","road-vehicles",172
"Renfrewshire","2010","road-vehicles",103
"Scottish Borders","2010","road-vehicles",81
"Shetland Islands","2010","road-vehicles",12
"South Ayrshire","2010","road-vehicles",70
"South Lanarkshire","2010","road-vehicles",202
"Stirling","2010","road-vehicles",84
"West Dunbartonshire","2010","road-vehicles",44
"West Lothian","2010","road-vehicles",120
"Aberdeen City","2011","road-vehicles",93
"Aberdeenshire","2011","road-vehicles",186
"Angus","2011","road-vehicles",75
"Argyll and Bute","2011","road-vehicles",59
"City of Edinburgh","2011","road-vehicles",223
"Clackmannanshire","2011","road-vehicles",21
"Dumfries and Galloway","2011","road-vehicles",163
"Dundee City","2011","road-vehicles",65
"East Ayrshire","2011","road-vehicles",75
"East Dunbartonshire","2011","road-vehicles",41
"East Lothian","2011","road-vehicles",60
"East Renfrewshire","2011","road-vehicles",54
"Eilean Siar","2011","road-vehicles",13
"Falkirk","2011","road-vehicles",112
"Fife","2011","road-vehicles",189
"Glasgow City","2011","road-vehicles",261
"Highland","2011","road-vehicles",178
"Inverclyde","2011","road-vehicles",35
"Midlothian","2011","road-vehicles",46
"Moray","2011","road-vehicles",49
"North Ayrshire","2011","road-vehicles",53
"North Lanarkshire","2011","road-vehicles",229
"Orkney Islands","2011","road-vehicles",9
"Perth and Kinross","2011","road-vehicles",173
"Renfrewshire","2011","road-vehicles",102
"Scottish Borders","2011","road-vehicles",80
"Shetland Islands","2011","road-vehicles",12
"South Ayrshire","2011","road-vehicles",69
"South Lanarkshire","2011","road-vehicles",198
"Stirling","2011","road-vehicles",82
"West Dunbartonshire","2011","road-vehicles",44
"West Lothian","2011","road-vehicles",118
"Aberdeen City","2012","road-vehicles",92
"Aberdeenshire","2012","road-vehicles",183
"Angus","2012","road-vehicles",74
"Argyll and Bute","2012","road-vehicles",58
"City of Edinburgh","2012","road-vehicles",219
"Clackmannanshire","2012","road-vehicles",20
"Dumfries and Galloway","2012","road-vehicles",161
"Dundee City","2012","road-vehicles",64
"East Ayrshire","2012","road-vehicles",72
"East Dunbartonshire","2012","road-vehicles",40
"East Lothian","2012","road-vehicles",58
"East Renfrewshire","2012","road-vehicles",52
"Eilean Siar","2012","road-vehicles",13
"Falkirk","2012","road-vehicles",111
"Fife","2012","road-vehicles",183
"Glasgow City","2012","road-vehicles",260
"Highland","2012","road-vehicles",176
"Inverclyde","2012","road-vehicles",34
"Midlothian","2012","road-vehicles",45
"Moray","2012","road-vehicles",48
"North Ayrshire","2012","road-vehicles",51
"North Lanarkshire","2012","road-vehicles",234
"Orkney Islands","2012","road-vehicles",9
"Perth and Kinross","2012","road-vehicles",168
"Renfrewshire","2012","road-vehicles",99
"Scottish Borders","2012","road-vehicles",78
"Shetland Islands","2012","road-vehicles",12
"South Ayrshire","2012","road-vehicles",66
"South Lanarkshire","2012","road-vehicles",198
"Stirling","2012","road-vehicles",79
"West Dunbartonshire","2012","road-vehicles",43
"West Lothian","2012","road-vehicles",116
"Aberdeen City","2013","road-vehicles",91
"Aberdeenshire","2013","road-vehicles",185
"Angus","2013","road-vehicles",74
"Argyll and Bute","2013","road-vehicles",59
"City of Edinburgh","2013","road-vehicles",217
"Clackmannanshire","2013","road-vehicles",20
"Dumfries and Galloway","2013","road-vehicles",162
"Dundee City","2013","road-vehicles",63
"East Ayrshire","2013","road-vehicles",72
"East Dunbartonshire","2013","road-vehicles",39
"East Lothian","2013","road-vehicles",58
"East Renfrewshire","2013","road-vehicles",52
"Eilean Siar","2013","road-vehicles",13
"Falkirk","2013","road-vehicles",111
"Fife","2013","road-vehicles",183
"Glasgow City","2013","road-vehicles",260
"Highland","2013","road-vehicles",178
"Inverclyde","2013","road-vehicles",34
"Midlothian","2013","road-vehicles",44
"Moray","2013","road-vehicles",48
"North Ayrshire","2013","road-vehicles",50
"North Lanarkshire","2013","road-vehicles",230
"Orkney Islands","2013","road-vehicles",9
"Perth and Kinross","2013","road-vehicles",169
"Renfrewshire","2013","road-vehicles",99
"Scottish Borders","2013","road-vehicles",79
"Shetland Islands","2013","road-vehicles",12
"South Ayrshire","2013","road-vehicles",65
"South Lanarkshire","2013","road-vehicles",198
"Stirling","2013","road-vehicles",79
"West Dunbartonshire","2013","road-vehicles",43
"West Lothian","2013","road-vehicles",116
"Aberdeen City","2014","road-vehicles",93
"Aberdeenshire","2014","road-vehicles",190
"Angus","2014","road-vehicles",75
"Argyll and Bute","2014","road-vehicles",60
"City of Edinburgh","2014","road-vehicles",219
"Clackmannanshire","2014","road-vehicles",20
"Dumfries and Galloway","2014","road-vehicles",165
"Dundee City","2014","road-vehicles",63
"East Ayrshire","2014","road-vehicles",74
"East Dunbartonshire","2014","road-vehicles",40
"East Lothian","2014","road-vehicles",60
"East Renfrewshire","2014","road-vehicles",53
"Eilean Siar","2014","road-vehicles",13
"Falkirk","2014","road-vehicles",114
"Fife","2014","road-vehicles",187
"Glasgow City","2014","road-vehicles",261
"Highland","2014","road-vehicles",180
"Inverclyde","2014","road-vehicles",35
"Midlothian","2014","road-vehicles",46
"Moray","2014","road-vehicles",50
"North Ayrshire","2014","road-vehicles",51
"North Lanarkshire","2014","road-vehicles",234
"Orkney Islands","2014","road-vehicles",9
"Perth and Kinross","2014","road-vehicles",172
"Renfrewshire","2014","road-vehicles",101
"Scottish Borders","2014","road-vehicles",80
"Shetland Islands","2014","road-vehicles",13
"South Ayrshire","2014","road-vehicles",67
"South Lanarkshire","2014","road-vehicles",200
"Stirling","2014","road-vehicles",80
"West Dunbartonshire","2014","road-vehicles",44
"West Lothian","2014","road-vehicles",118
"Aberdeen City","2015","road-vehicles",92
"Aberdeenshire","2015","road-vehicles",191
"Angus","2015","road-vehicles",75
"Argyll and Bute","2015","road-vehicles",62
"City of Edinburgh","2015","road-vehicles",221
"Clackmannanshire","2015","road-vehicles",20
"Dumfries and Galloway","2015","road-vehicles",170
"Dundee City","2015","road-vehicles",62
"East Ayrshire","2015","road-vehicles",74
"East Dunbartonshire","2015","road-vehicles",40
"East Lothian","2015","road-vehicles",60
"East Renfrewshire","2015","road-vehicles",53
"Eilean Siar","2015","road-vehicles",13
"Falkirk","2015","road-vehicles",115
"Fife","2015","road-vehicles",186
"Glasgow City","2015","road-vehicles",257
"Highland","2015","road-vehicles",185
"Inverclyde","2015","road-vehicles",34
"Midlothian","2015","road-vehicles",45
"Moray","2015","road-vehicles",50
"North Ayrshire","2015","road-vehicles",51
"North Lanarkshire","2015","road-vehicles",227
"Orkney Islands","2015","road-vehicles",9
"Perth and Kinross","2015","road-vehicles",175
"Renfrewshire","2015","road-vehicles",102
"Scottish Borders","2015","road-vehicles",82
"Shetland Islands","2015","road-vehicles",13
"South Ayrshire","2015","road-vehicles",67
"South Lanarkshire","2015","road-vehicles",200
"Stirling","2015","road-vehicles",81
"West Dunbartonshire","2015","road-vehicles",44
"West Lothian","2015","road-vehicles",119
